"","sbs_name","canopy_height_m","ldmc_geo_mgg","leaf_mass_mg","leaf_size_mm2","seed_mass_mg","genus"
"Acer campestre","Acer campestre",13.4214285714286,360.5,184.2079463,4741.5,54.3482823529412,"Acer"
"Achillea millefolium","Achillea millefolium",0.3955,185.5,21.7633333333333,411,0.131833333333333,"Achillea"
"Aegopodium podagraria","Aegopodium podagraria",0.558333333333333,230,753.5581651,13500.242,1.68093333333333,"Aegopodium"
"Aethusa cynapium","Aethusa cynapium",0.441666666666667,193.55,118.208577966,3207.7575,1.69492,"Aethusa"
"Agrimonia eupatoria","Agrimonia eupatoria",0.333333333333333,339.5,494.5374473,8461,14.178,"Agrimonia"
"Agrostemma githago","Agrostemma githago",0.66,204.54,57.225,999.75,14.554875,"Agrostemma"
"Agrostis canina","Agrostis canina",0.3,281.985,1.950036232,67,0.0554857142857143,"Agrostis"
"Aira caryophyllea","Aira caryophyllea",0.11,279.666666666667,1.078029614,14.2,0.108,"Aira"
"Ajuga chamaepitys","Ajuga chamaepitys",0.0916666666666667,157.93,3.065,70.5,1.215,"Ajuga"
"Ajuga reptans","Ajuga reptans",0.161666666666667,153,17.36967841,556,1.46519,"Ajuga"
"Alcea rosea","Alcea rosea",1.57,202.64,615,8249,8.94266666666667,"Alcea"
"Alisma lanceolatum","Alisma lanceolatum",0.275,118.25,64.3655555555556,1774.8,0.3843,"Alisma"
"Alisma plantago-aquatica","Alisma plantago-aquatica",0.325,135.03,516.259252275,11979.4166666667,0.382625,"Alisma"
"Alliaria petiolata","Alliaria petiolata",0.45,161.333333333333,213.937010866667,7514,2.348,"Alliaria"
"Allium carinatum","Allium carinatum",0.225,111.11,44,1280,1.2937777775,"Allium"
"Allium sphaerocephalon","Allium sphaerocephalon",0.225,134.51,342.43,1940.63,1.46266666666667,"Allium"
"Allium ursinum","Allium ursinum",0.275,114.333333333333,196.761776666667,6656.66666666667,5.3948,"Allium"
"Allium vineale","Allium vineale",0.25,170.5,101.166029705,1195,7.504,"Allium"
"Alopecurus myosuroides","Alopecurus myosuroides",0.3,272,21.48647482,547,2.15047619042857,"Alopecurus"
"Alopecurus pratensis","Alopecurus pratensis",0.45,308.06,43.430614195,1088.125,0.658,"Alopecurus"
"Althaea officinalis","Althaea officinalis",0.71625,205.345,173.995,4066.625,5.647,"Althaea"
"Amaranthus caudatus","Amaranthus caudatus",0.715,174.74,200.505,4117.22,0.669,"Amaranthus"
"Amaranthus retroflexus","Amaranthus retroflexus",0.451666666666667,222.8025,265.49,3602.75,0.462666666666667,"Amaranthus"
"Ammi majus","Ammi majus",0.395,141.943333333333,2.27333333333333,77.6666666666667,0.615166666666667,"Ammi"
"Anemone nemorosa","Anemone nemorosa",0.138333333333333,205,123.871023095,3003,2.1444,"Anemone"
"Angelica sylvestris","Angelica sylvestris",0.783333333333333,220,1531.2,40902,2.42144444444444,"Angelica"
"Anthemis arvensis","Anthemis arvensis",0.285,139.99,11.2233333333333,373.645,0.7576725,"Anthemis"
"Anthemis cotula","Anthemis cotula",0.285,107,6.168481375,138,0.4542,"Anthemis"
"Anthericum liliago","Anthericum liliago",0.3,162.63,180.665,3337.25,5.56125,"Anthericum"
"Anthriscus caucalis","Anthriscus caucalis",0.36,193.738,114.076814835714,3649.4,1.1758,"Anthriscus"
"Anthyllis vulneraria","Anthyllis vulneraria",0.2,170,63.29470563,1007,3.25339166666667,"Anthyllis"
"Antirrhinum majus","Antirrhinum majus",0.425,165,26.46061644,303,0.1156,"Antirrhinum"
"Aphanes arvensis","Aphanes arvensis",0.085,264,2.341736695,38,0.21576,"Aphanes"
"Arabidopsis thaliana","Arabidopsis thaliana",0.133333333333333,103.5,9.642721352,281,0.02088,"Arabidopsis"
"Arabis hirsuta","Arabis hirsuta",0.323333333333333,166,15.75671642,374,0.0979076923076923,"Arabis"
"Arabis sagittata","Arabis sagittata",0.425,143.525,15.8725,269.675,0.1,"Arabis"
"Arctium lappa","Arctium lappa",1.085,195.363333333333,1542.788,25226.8333333333,13.02328,"Arctium"
"Arctium minus","Arctium minus",0.7,177.333333333333,4104.936905,117000,12.0397523809524,"Arctium"
"Arenaria serpyllifolia","Arenaria serpyllifolia",0.165,219.18,0.654718250666667,13.1833333333333,0.0671106060454545,"Arenaria"
"Aristolochia clematitis","Aristolochia clematitis",0.4,272.3,509.85,8534.625,32.43675,"Aristolochia"
"Arrhenatherum elatius","Arrhenatherum elatius",1.275,291.316666666667,30.654063375,1223,3.07949333333333,"Arrhenatherum"
"Artemisia absinthium","Artemisia absinthium",0.825,220.5,99.43251888,2475.5,0.106057777777778,"Artemisia"
"Artemisia annua","Artemisia annua",0.95,220.88,30.1675,639.692833333333,0.03,"Artemisia"
"Artemisia vulgaris","Artemisia vulgaris",1.4,258,255.2913636,3914.42633333333,0.144933333333333,"Artemisia"
"Arum maculatum","Arum maculatum",0.2425,117.666666666667,317.9066447,10496.6666666667,72.6432533333333,"Arum"
"Asparagus officinalis","Asparagus officinalis",0.9,280.26,3.595,27.335,40.8633666666667,"Asparagus"
"Astragalus glycyphyllos","Astragalus glycyphyllos",0.575,272.5,115.581532135,2720.5,5.15003333333333,"Astragalus"
"Atriplex prostrata","Atriplex prostrata",0.95,144.333333333333,139.77941404,2670.66666666667,2.15622,"Atriplex"
"Avena barbata","Avena barbata",0.18,237.666666666667,0.00482,119,7.92272095242857,"Avena"
"Avena fatua","Avena fatua",0.75,242,320.3024483,5227.5,22.1845,"Avena"
"Avena sterilis","Avena sterilis",0.27,192.73,17.32,560.75,59.232,"Avena"
"Avena strigosa","Avena strigosa",1.54,201.94,69.965,1978,7.44866666666667,"Avena"
"Baldellia ranunculoides","Baldellia ranunculoides",0.125,139,19.6,427,0.426933333333333,"Baldellia"
"Ballota nigra","Ballota nigra",0.625,222,38.35214076,717,0.85785,"Ballota"
"Barbarea vulgaris","Barbarea vulgaris",0.525,174,150.325324805,4750.5,0.606666666666667,"Barbarea"
"Bellis perennis","Bellis perennis",0.055,113.5,11.62723288,359,0.14152,"Bellis"
"Berula erecta","Berula erecta",0.475,96.475,160.63352494,3582.875,0.69945,"Berula"
"Beta vulgaris","Beta vulgaris",1.4,167,751.7,18496,20.4113590243902,"Beta"
"Bidens frondosa","Bidens frondosa",0.525,174.6,110.41,4176,8.66097142857143,"Bidens"
"Bidens tripartita","Bidens tripartita",0.525,152.16,74.7110556533333,2417.08333333333,2.43494,"Bidens"
"Blackstonia perfoliata","Blackstonia perfoliata",0.221666666666667,223.065,18.5374196233333,453.75,0.009,"Blackstonia"
"Borago officinalis","Borago officinalis",0.31,144.74,154.525,3946,15.766,"Borago"
"Brachypodium sylvaticum","Brachypodium sylvaticum",0.825,308.47,20.4262208941667,3886.54545454545,2.78525454545455,"Brachypodium"
"Brassica nigra","Brassica nigra",0.735,128.22,252.94,6916.8,1.32608571428571,"Brassica"
"Brassica rapa","Brassica rapa",0.598333333333333,141.396666666667,135.13456938,3315.66666666667,2.1388,"Brassica"
"Briza media","Briza media",0.165,298.035,26.9652498225,644,0.40112222225,"Briza"
"Bromus arvensis","Bromus arvensis",0.332,271.46,40.63,1085,2.62566666666667,"Bromus"
"Bromus commutatus","Bromus commutatus",0.5,221.25,31.3225,920.875,5.2019,"Bromus"
"Bromus madritensis","Bromus madritensis",0.19,165.83,2.5543175,156.416666666667,2.56333333333333,"Bromus"
"Bromus sterilis","Bromus sterilis",0.375,230.75,15.2497606843333,467.333333333333,7.4854,"Bromus"
"Buddleja davidii","Buddleja davidii",1.83333333333333,229.743333333333,77.285,2971.25,0.0567,"Buddleja"
"Butomus umbellatus","Butomus umbellatus",0.8,120.313333333333,529.97,5805.83333333333,0.1716,"Butomus"
"Cakile maritima","Cakile maritima",0.208333333333333,88.6266666666667,74.94,885.75,22.4189333333333,"Cakile"
"Calamagrostis epigejos","Calamagrostis epigejos",1,400.033333333333,258.194429533333,4994.5,0.0797333334,"Calamagrostis"
"Calendula arvensis","Calendula arvensis",0.15,93.24,40.83,948,3.585,"Calendula"
"Callitriche palustris","Callitriche palustris",0.00875,108.82,0.595,58.125,0.076,"Callitriche"
"Calystegia sepium","Calystegia sepium",1.2875,184,90.88484689,3208,30.272,"Calystegia"
"Calystegia silvatica","Calystegia silvatica",2,224,133.9542354,3092,37.133,"Calystegia"
"Campanula rapunculus","Campanula rapunculus",0.5,162.5,12.06,617.5,0.0333333333333333,"Campanula"
"Campanula trachelium","Campanula trachelium",0.6,159,92.24660086,3601,0.231155555555556,"Campanula"
"Cannabis sativa","Cannabis sativa",1.2,238.99,193.23,4865.875,6.4,"Cannabis"
"Capsella bursa-pastoris","Capsella bursa-pastoris",0.126666666666667,147.3775,60.8887573225,1842.66666666667,0.0985154545454545,"Capsella"
"Cardamine amara","Cardamine amara",0.241666666666667,125.666666666667,48.7516437433333,2515.33333333333,0.258,"Cardamine"
"Cardamine bulbifera","Cardamine bulbifera",0.3975,149.565,52.8925,2207,2.7,"Cardamine"
"Cardamine flexuosa","Cardamine flexuosa",0.216666666666667,129,12.33047046,661,0.122355555555556,"Cardamine"
"Cardamine heptaphylla","Cardamine heptaphylla",0.375,137.07,700,28081.25,6.02,"Cardamine"
"Cardamine hirsuta","Cardamine hirsuta",0.118333333333333,126,11.217289988,337,0.1076,"Cardamine"
"Cardamine impatiens","Cardamine impatiens",0.358333333333333,311,7.080032733,239,0.278133333333333,"Cardamine"
"Cardamine parviflora","Cardamine parviflora",0.125,164.27,2.56,75.575,0.106,"Cardamine"
"Carduus nutans","Carduus nutans",0.6,127.666666666667,286.832203133333,4599,3.23571428571429,"Carduus"
"Carex acuta","Carex acuta",0.9,331.79,132.83,2455.25,0.424666666666667,"Carex"
"Carex acutiformis","Carex acutiformis",0.75,333.43,430.7,7035,0.864166666666667,"Carex"
"Carex caryophyllea","Carex caryophyllea",0.09,310,16.593646155,387.5,1.2992,"Carex"
"Carex digitata","Carex digitata",0.1,274.155,15.652912825,480.25,1.445,"Carex"
"Carex distans","Carex distans",0.2,303.985,13.5433333333333,265.25,1.43814285714286,"Carex"
"Carex divulsa","Carex divulsa",0.275,105,42.36,1403.7,1.57537142857143,"Carex"
"Carex echinata","Carex echinata",0.25,365.5,15.3740942045,218,0.744788235294118,"Carex"
"Carex elata","Carex elata",0.9,344.07,280.38,2693.25,0.75559,"Carex"
"Carex extensa","Carex extensa",0.135,320.49,11.52,101.25,1.24503333333333,"Carex"
"Carex flacca","Carex flacca",0.275,332.9625,34.84894372,634.75,1.01511818181818,"Carex"
"Carex hirta","Carex hirta",0.45,291.2125,74.826634202,1718.5625,2.8165,"Carex"
"Carex pallescens","Carex pallescens",0.325,264.57,14.635,526.5,1.25258333333333,"Carex"
"Carex pendula","Carex pendula",0.5,301.5,1029.6398723,12540,0.721809090909091,"Carex"
"Carex pilulifera","Carex pilulifera",0.1,328,10.26045949,209,1.22661290322222,"Carex"
"Carex pseudocyperus","Carex pseudocyperus",0.35,308.56,157.67,3788,0.728615384615385,"Carex"
"Carex punctata","Carex punctata",0.14,323.97,27.08,758,1.01422857142857,"Carex"
"Carex remota","Carex remota",0.45,254,12.81434932,318,0.371945454545455,"Carex"
"Carex riparia","Carex riparia",1.05,326.64,1187.015,14070.25,1.99093333333333,"Carex"
"Carex rostrata","Carex rostrata",0.5,245.88,76.815,1182.5,1.18026666666667,"Carex"
"Carex spicata","Carex spicata",0.275,249.633333333333,16.29,324.333333333333,2.38878,"Carex"
"Carex strigosa","Carex strigosa",0.625,160.94,76.005,2395.875,0.5492,"Carex"
"Carex sylvatica","Carex sylvatica",0.425,324,29.75434925,677,1.66395384615385,"Carex"
"Carex vesicaria","Carex vesicaria",0.55,320.11,99.85,1222,1.39118888888889,"Carex"
"Carlina acaulis","Carlina acaulis",0.31,183.38,391.485,4001.14,4.08333333333333,"Carlina"
"Carpinus betulus","Carpinus betulus",17.875,258.685,62.93,2268.52,41.8153142857143,"Carpinus"
"Carthamus tinctorius","Carthamus tinctorius",0.8275,145.99,136.45,1930.5,26.152,"Carthamus"
"Centaurea calcitrapa","Centaurea calcitrapa",0.35,165.83,73.14,1669,2.3032,"Centaurea"
"Centaurea nigra","Centaurea nigra",0.425,154.333333333333,132.657338776667,3440,2.49422857142857,"Centaurea"
"Centaurea solstitialis","Centaurea solstitialis",0.64,183.82,36.115,961.25,1.682,"Centaurea"
"Centaurium erythraea","Centaurium erythraea",0.14125,259.833333333333,11.9113359736667,251.5,0.0127692307692308,"Centaurium"
"Centaurium pulchellum","Centaurium pulchellum",0.0633333333333333,184.38,0.25,16.83,0.0128111111111111,"Centaurium"
"Centranthus ruber","Centranthus ruber",0.433333333333333,138.41,130.3674311,3105.625,2.0025,"Centranthus"
"Cephalanthera damasonium","Cephalanthera damasonium",0.35,166.065,55.2666666666667,1607.25,0.005,"Cephalanthera"
"Cerastium glomeratum","Cerastium glomeratum",0.145,155.235,6.92513087175,176.666666666667,0.053294,"Cerastium"
"Cerastium pumilum","Cerastium pumilum",0.045,120.28,0.755,21.25,0.0662,"Cerastium"
"Cerastium semidecandrum","Cerastium semidecandrum",0.06,184.333333333333,1.641782751,32,0.0369536363636364,"Cerastium"
"Chaerophyllum bulbosum","Chaerophyllum bulbosum",0.85,264.21,477.82,7812.23,2.13333333333333,"Chaerophyllum"
"Chaerophyllum temulum","Chaerophyllum temulum",0.491666666666667,249,783.1828877,20341,2.73757894736842,"Chaerophyllum"
"Chelidonium majus","Chelidonium majus",0.466666666666667,186.5,240.14783215,9226,0.74,"Chelidonium"
"Chenopodium album","Chenopodium album",0.483333333333333,164.333333333333,148.549258353333,2390,0.647,"Chenopodium"
"Chondrilla juncea","Chondrilla juncea",0.5,216.62,23.615,301.25,0.671,"Chondrilla"
"Cichorium intybus","Cichorium intybus",0.625,136,556.1217391,17537,1.77817333333333,"Cichorium"
"Circaea lutetiana","Circaea lutetiana",0.308333333333333,193.5,69.448388015,2643,1.79549090909091,"Circaea"
"Cirsium arvense","Cirsium arvense",0.8625,141.656666666667,190.5354895,3857.5,1.24554444444444,"Cirsium"
"Cirsium vulgare","Cirsium vulgare",0.9,140.718,772.965,11035.5,2.477741666625,"Cirsium"
"Clematis vitalba","Clematis vitalba",20,238,181.9306757,5633,2.61067654318519,"Clematis"
"Clinopodium vulgare","Clinopodium vulgare",0.375,258,44.77825051,1055,0.425483333333333,"Clinopodium"
"Conium maculatum","Conium maculatum",2.075,213.55,1656.91385666667,54419.815,2.3524,"Conium"
"Convolvulus arvensis","Convolvulus arvensis",0.2626,172.5,40.729062745,1124.75,12.4924,"Convolvulus"
"Coriandrum sativum","Coriandrum sativum",0.46,139.535,24.0275,1166.75,10.3166666666667,"Coriandrum"
"Cornus mas","Cornus mas",3.5,216.955,63.4175,1884.57,487.533333333333,"Cornus"
"Crataegus laevigata","Crataegus laevigata",6,349.89,37.4375,730,275.9989,"Crataegus"
"Crepis biennis","Crepis biennis",0.575,132.5,189.01499035,6087.5,1.3082,"Crepis"
"Crepis capillaris","Crepis capillaris",0.275,125.666666666667,51.79898105,1585.66666666667,0.215039166666667,"Crepis"
"Crepis vesicaria","Crepis vesicaria",0.41,167.22,61.2733333333333,1080.5,0.38537,"Crepis"
"Crithmum maritimum","Crithmum maritimum",0.225,92,24.76510501,268,2.10536666666667,"Crithmum"
"Cruciata laevipes","Cruciata laevipes",0.283333333333333,232.666666666667,2.96324171733333,89.6666666666667,4.4628,"Cruciata"
"Cymbalaria muralis","Cymbalaria muralis",0.25,85,29.256895065,875.5,0.123,"Cymbalaria"
"Cynodon dactylon","Cynodon dactylon",0.11,224.17,4.89666666666667,116.25,0.13925,"Cynodon"
"Cynosurus cristatus","Cynosurus cristatus",0.546666666666667,247.163333333333,11.5967224085,347.333333333333,0.547476923076923,"Cynosurus"
"Cyperus longus","Cyperus longus",0.56,241.33,55.57,1247,0.063,"Cyperus"
"Dactylis glomerata","Dactylis glomerata",0.454,262.5,49.902292548,1449,0.9114225,"Dactylis"
"Danthonia decumbens","Danthonia decumbens",0.1,338.635,14.61016854,378,1.4583,"Danthonia"
"Daphne laureola","Daphne laureola",0.725,276.41,161.84,1518.5,103.4,"Daphne"
"Daphne mezereum","Daphne mezereum",0.7625,186.5,24.1,340.9,43.9,"Daphne"
"Datura stramonium","Datura stramonium",1.375,132.235,667.1875,14739.875,9.03373333333333,"Datura"
"Deschampsia cespitosa","Deschampsia cespitosa",0.4325,337.294,32.495170197619,342.333958333333,0.211112280710526,"Deschampsia"
"Digitalis lutea","Digitalis lutea",0.3,171.68,162.49,3647,0.1,"Digitalis"
"Digitaria ischaemum","Digitaria ischaemum",0.16,165.18,7.37666666666667,109.875,0.748,"Digitaria"
"Digitaria sanguinalis","Digitaria sanguinalis",0.19,170.2,8.625,290.25,0.97,"Digitaria"
"Diplotaxis muralis","Diplotaxis muralis",0.17,139.775,33.93,710.5,0.209333333333333,"Diplotaxis"
"Diplotaxis tenuifolia","Diplotaxis tenuifolia",0.35,113,113.47877698,2296,0.2836,"Diplotaxis"
"Dipsacus fullonum","Dipsacus fullonum",0.9,167,1118.242889,23937,2.70928571428571,"Dipsacus"
"Drosera intermedia","Drosera intermedia",0.035,176.435,0.84,22.04,0.0288,"Drosera"
"Drosera rotundifolia","Drosera rotundifolia",0.0825,134.865,2.17,86.75,0.0176076923076923,"Drosera"
"Echinochloa crus-galli","Echinochloa crus-galli",0.575,189.795,76.90086949,2264.625,2.33476923076923,"Echinochloa"
"Echium vulgare","Echium vulgare",0.433333333333333,142,282.5035784,4523,2.959325,"Echium"
"Eleocharis multicaulis","Eleocharis multicaulis",0.3,282.55,22.72,172.5,0.5912,"Eleocharis"
"Eleusine indica","Eleusine indica",0.1,222.53,11.83,288.25,0.456,"Eleusine"
"Elymus repens","Elymus repens",0.75,273.0475,85.637022682,2361.66666666667,2.37525,"Elymus"
"Epilobium hirsutum","Epilobium hirsutum",1.03333333333333,208,130.14080997,2833,0.127777777777778,"Epilobium"
"Epilobium montanum","Epilobium montanum",0.35,229.333333333333,91.7561712033333,2187,0.1267,"Epilobium"
"Epilobium parviflorum","Epilobium parviflorum",0.433333333333333,160.333333333333,24.9194993,779,0.079411111,"Epilobium"
"Eragrostis minor","Eragrostis minor",0.125,237.126666666667,3.015,118.09,0.092,"Eragrostis"
"Erodium cicutarium","Erodium cicutarium",0.6,201.4025,60.198095238,1742.5,1.40968571428571,"Erodium"
"Erodium moschatum","Erodium moschatum",0.425,117.425,315.3625,8537.49,1.00548,"Erodium"
"Eryngium campestre","Eryngium campestre",0.28125,236.3075,3445.1425,32000.42,1.37167142857143,"Eryngium"
"Eryngium maritimum","Eryngium maritimum",0.308333333333333,136.15,707.8625,6625.63,24.7152,"Eryngium"
"Eupatorium cannabinum","Eupatorium cannabinum",1,202,284.17470285,6438.5,0.32999,"Eupatorium"
"Euphorbia amygdaloides","Euphorbia amygdaloides",0.3675,286.04,13.345,312.75,4.18776,"Euphorbia"
"Euphorbia dulcis","Euphorbia dulcis",0.3,238.54,12.26,420,2.121,"Euphorbia"
"Euphorbia esula","Euphorbia esula",0.425,221.935,3.33666666666667,111.625,3.49266666666667,"Euphorbia"
"Euphorbia exigua","Euphorbia exigua",0.118333333333333,213,1.073333333,28,0.3035,"Euphorbia"
"Euphorbia helioscopia","Euphorbia helioscopia",0.2,196.666666666667,12.8750590443333,457,2.44,"Euphorbia"
"Euphorbia palustris","Euphorbia palustris",0.975,323.76,29.88,616,9.4425,"Euphorbia"
"Euphorbia peplus","Euphorbia peplus",0.166666666666667,177,1.765363128,79,0.4935,"Euphorbia"
"Fallopia convolvulus","Fallopia convolvulus",0.6875,200,44.2627872366667,602.666666666667,4.038,"Fallopia"
"Fallopia dumetorum","Fallopia dumetorum",1.875,214.703333333333,85.6,1530.47666666667,3.3956,"Fallopia"
"Filago pyramidata","Filago pyramidata",0.1475,280.13,0.91,32.625,0.0505633333333333,"Filago"
"Filipendula vulgaris","Filipendula vulgaris",0.325,295,141.8009479,3520,0.786672727272727,"Filipendula"
"Foeniculum vulgare","Foeniculum vulgare",1.7875,234.5,1062.4,9445,2.70466666666667,"Foeniculum"
"Fragaria vesca","Fragaria vesca",0.108333333333333,388,132.86116195,2393.5,19.8767266666667,"Fragaria"
"Frangula alnus","Frangula alnus",3.85714285714286,256,78.8,964.55,125.929142857143,"Frangula"
"Fumaria officinalis","Fumaria officinalis",0.6,133,7.147196262,266,3.09202857142857,"Fumaria"
"Galanthus nivalis","Galanthus nivalis",0.14,102.88,46.75,1403.5,6.392,"Galanthus"
"Galega officinalis","Galega officinalis",0.9,127.73,217.7675,8986,8.13991111111111,"Galega"
"Galium aparine","Galium aparine",0.708333333333333,140,5.69581057933333,161.333333333333,9.44548666666667,"Galium"
"Galium mollugo","Galium mollugo",0.5,169.456666666667,2.36959020466667,80.5,0.732290909090909,"Galium"
"Galium palustre","Galium palustre",0.435,181.26,0.7408707325,32.5,0.9095,"Galium"
"Galium parisiense","Galium parisiense",0.19875,200.1,0.58,13.6,0.2609806338,"Galium"
"Galium rotundifolium","Galium rotundifolium",0.15,140.34,1.955,110,0.955333333333333,"Galium"
"Galium verum","Galium verum",0.383333333333333,228.1325,0.803690617333333,15.6666666666667,0.5059708333125,"Galium"
"Genista pilosa","Genista pilosa",0.2175,370.595,1.66666666666667,20.6,2.669,"Genista"
"Genista tinctoria","Genista tinctoria",0.5125,248,7.5744204,134.69,3.57154285714286,"Genista"
"Geranium columbinum","Geranium columbinum",0.266666666666667,268,20.3771889975,560.5,3.5732,"Geranium"
"Geranium dissectum","Geranium dissectum",0.266666666666667,238,46.47570334,1074.66666666667,2.56533333333333,"Geranium"
"Geranium lucidum","Geranium lucidum",0.191666666666667,193.5,35.83756135,934.5,0.735,"Geranium"
"Geranium molle","Geranium molle",0.183333333333333,186.666666666667,26.70498686,709.666666666667,1.086875,"Geranium"
"Geranium pusillum","Geranium pusillum",0.183333333333333,201.666666666667,74.34298168,1898.66666666667,0.800636363636364,"Geranium"
"Geranium robertianum","Geranium robertianum",0.216666666666667,185.666666666667,41.1824691966667,1224,1.45325833333333,"Geranium"
"Geranium sanguineum","Geranium sanguineum",0.216666666666667,259,57.27194464,1167,9.67606666666667,"Geranium"
"Geranium sylvaticum","Geranium sylvaticum",0.277,218.4,93.1264914285714,1889.33884615385,6.01977777777778,"Geranium"
"Geum urbanum","Geum urbanum",0.366666666666667,302,151.9693888,3441,2.047383333375,"Geum"
"Glaucium flavum","Glaucium flavum",0.4975,147.33,280.905,4986,0.932057142857143,"Glaucium"
"Glechoma hederacea","Glechoma hederacea",0.27,160,20.9567014945,882,0.6684,"Glechoma"
"Glyceria fluitans","Glyceria fluitans",0.5,277.9,28.6974854966667,1118.58333333333,1.1985,"Glyceria"
"Glyceria maxima","Glyceria maxima",1.3,248.58,307.323307,9863,0.571,"Glyceria"
"Gratiola officinalis","Gratiola officinalis",0.275,188.87,5.97,158.75,0.0253333333333333,"Gratiola"
"Helianthemum nummularium","Helianthemum nummularium",0.114,264,5.539920949,72.025,1.09072727272727,"Helianthemum"
"Helleborus foetidus","Helleborus foetidus",0.3375,180.71,467.55,8718.08333333333,11.3584,"Helleborus"
"Helleborus viridis","Helleborus viridis",0.258333333333333,236,2428.443626,27262,9.1538,"Helleborus"
"Herniaria hirsuta","Herniaria hirsuta",0.0975,210.23,0.513333333333333,14.125,0.0561675,"Herniaria"
"Hieracium murorum","Hieracium murorum",0.135,124.175,102.0575,4069.375,0.4,"Hieracium"
"Hieracium sabaudum","Hieracium sabaudum",0.8,112,37.095,1637,0.4701,"Hieracium"
"Hippocrepis comosa","Hippocrepis comosa",0.163333333333333,233.166666666667,17.024,218.166666666667,3.74848888888889,"Hippocrepis"
"Holcus lanatus","Holcus lanatus",0.325,230.1775,21.803608515,970.833333333333,0.406916666666667,"Holcus"
"Holcus mollis","Holcus mollis",0.275,216,30.11501273,1053.5,0.3484,"Holcus"
"Hordeum murinum","Hordeum murinum",0.3075,197.183333333333,12.035450072,519.8125,9.2693402598,"Hordeum"
"Hordeum secalinum","Hordeum secalinum",0.325,240,14.264796275,473,3.68253846153846,"Hordeum"
"Hordeum vulgare","Hordeum vulgare",1.0075,175.29,156.405,2321.83333333333,40.905,"Hordeum"
"Hornungia petraea","Hornungia petraea",0.0616666666666667,143,0.736842105,14,0.0712666666666667,"Hornungia"
"Hottonia palustris","Hottonia palustris",0.4,46.72,1.68,151.17,0.1348,"Hottonia"
"Humulus lupulus","Humulus lupulus",5.5,292.5,436.38856055,7711,4.11258333333333,"Humulus"
"Hydrocotyle vulgaris","Hydrocotyle vulgaris",0.2125,123.356,20.26188268,655,0.36,"Hydrocotyle"
"Hypericum elodes","Hypericum elodes",0.158333333333333,211.07,3.96,106,0.0749333333333333,"Hypericum"
"Hypericum humifusum","Hypericum humifusum",0.09125,274.925,1.4825,42.875,0.0469740741111111,"Hypericum"
"Hypericum montanum","Hypericum montanum",0.35,274,18.03420428,444,0.0645846153846154,"Hypericum"
"Hypericum perforatum","Hypericum perforatum",0.358333333333333,303,8.724819986,147.333333333333,0.118575,"Hypericum"
"Hypericum tetrapterum","Hypericum tetrapterum",0.358333333333333,198.5,6.3595244015,223,0.04194,"Hypericum"
"Hypochaeris glabra","Hypochaeris glabra",0.1725,102.97,12.577366094,406.333333333333,0.623514,"Hypochaeris"
"Iberis umbellata","Iberis umbellata",0.245,149.45,16.665,490.25,1.743,"Iberis"
"Iris pseudacorus","Iris pseudacorus",0.75,180.863333333333,1371.25183233333,20873.75,46.8642111111111,"Iris"
"Isatis tinctoria","Isatis tinctoria",0.65,154.525,98.2175,1459.375,4.319,"Isatis"
"Jasione montana","Jasione montana",0.15,210,0.95,36.5,0.0289604078461538,"Jasione"
"Juncus acutiflorus","Juncus acutiflorus",0.525,220,174.6666667,1200,0.0200111111111111,"Juncus"
"Juncus articulatus","Juncus articulatus",0.325,202.9525,52.2892144725,485.4375,0.0206111111111111,"Juncus"
"Juncus bulbosus","Juncus bulbosus",0.09,228.525,1.58,25.8075,0.0204285714285714,"Juncus"
"Juncus conglomeratus","Juncus conglomeratus",0.72,284.18,490.1,2393,0.0181230769230769,"Juncus"
"Juncus effusus","Juncus effusus",0.9,267.85,575,3514.5,0.0186074074444444,"Juncus"
"Juncus inflexus","Juncus inflexus",0.45,322.41,688.765,2219.25,0.0753834782608696,"Juncus"
"Juncus maritimus","Juncus maritimus",0.65,405.7,433.8,1090,0.03533,"Juncus"
"Juncus subnodulosus","Juncus subnodulosus",0.725,189,507.0784722,2080,0.01532,"Juncus"
"Juncus tenageia","Juncus tenageia",0.115,134.54,0.93,28,0.016,"Juncus"
"Juncus tenuis","Juncus tenuis",0.4075,109.57,14.45,276.5,0.0185,"Juncus"
"Knautia arvensis","Knautia arvensis",0.433333333333333,183.666666666667,140.7851567,2871.33333333333,4.13155757572727,"Knautia"
"Lactuca perennis","Lactuca perennis",0.25,140.22,109.56,2336.33,1.56,"Lactuca"
"Lactuca serriola","Lactuca serriola",0.675,191,397.1180185,5993,0.5437,"Lactuca"
"Lactuca virosa","Lactuca virosa",0.8525,173.58,304.153876116667,7390.7,0.8365,"Lactuca"
"Lamium amplexicaule","Lamium amplexicaule",0.133333333333333,135,8.462668666,167,0.5788,"Lamium"
"Lamium maculatum","Lamium maculatum",0.375,197,47.04573503,1371.44,1.6085333334,"Lamium"
"Lamium purpureum","Lamium purpureum",0.225,139.8,11.3188013666667,537.498,0.7016,"Lamium"
"Lapsana communis","Lapsana communis",0.5,127,98.979228535,4966,1.0212,"Lapsana"
"Lathyrus latifolius","Lathyrus latifolius",2,220,435.7653916,7017,47.254,"Lathyrus"
"Lathyrus nissolia","Lathyrus nissolia",0.375,201.073333333333,54.45319753,975.116666666667,9.207,"Lathyrus"
"Lathyrus odoratus","Lathyrus odoratus",0.8,200.565,86.4725,2480.75,73.804,"Lathyrus"
"Lathyrus pratensis","Lathyrus pratensis",0.566666666666667,273.666666666667,6.958663343,158.333333333333,12.5195055555833,"Lathyrus"
"Lathyrus vernus","Lathyrus vernus",0.255,198.0975,132.091666666667,4380,16.258,"Lathyrus"
"Legousia speculum-veneris","Legousia speculum-veneris",0.1725,138.64,1.915,103.75,0.194,"Legousia"
"Leontodon hispidus","Leontodon hispidus",0.235,139.748,69.7610738788889,2280.66666666667,1.11426666664706,"Leontodon"
"Lepidium campestre","Lepidium campestre",0.2925,206.795,17.0929116466667,416.5,2.1738,"Lepidium"
"Leucanthemum vulgare","Leucanthemum vulgare",0.364,129.666666666667,27.1214530225,669.666666666667,0.383433333333333,"Leucanthemum"
"Leucojum aestivum","Leucojum aestivum",0.475,82.52,300,7415,46.3548,"Leucojum"
"Leucojum vernum","Leucojum vernum",0.1,84.97,95.96,3173.75,12.0404,"Leucojum"
"Levisticum officinale","Levisticum officinale",1.2,196,2507.6,67588,1.394,"Levisticum"
"Lilium bulbiferum","Lilium bulbiferum",0.6,140.52,26.795,461,7.4,"Lilium"
"Linaria vulgaris","Linaria vulgaris",0.416666666666667,189.25,5.67828227766667,105.3945,0.174676923076923,"Linaria"
"Linum usitatissimum","Linum usitatissimum",0.45,163.445,0.905,41.5,5.07,"Linum"
"Logfia minima","Logfia minima",0.125,367.185,0.2,6.635,0.025341,"Logfia"
"Lolium multiflorum","Lolium multiflorum",0.325,265,26.82177515,606,2.9086,"Lolium"
"Lolium perenne","Lolium perenne",0.125,214.3975,14.5298595333333,402,1.97511111111111,"Lolium"
"Lonicera caprifolium","Lonicera caprifolium",4.875,250.63,74.6525,1630.125,8.04,"Lonicera"
"Lotus corniculatus","Lotus corniculatus",0.429166666666667,186,4.49923305066667,132,1.4034375,"Lotus"
"Lotus pedunculatus","Lotus pedunculatus",0.2625,207.813333333333,16.1518002866667,511,4.62866666666667,"Lotus"
"Ludwigia palustris","Ludwigia palustris",0.12,205.2325,7.28,258.87,0.045,"Ludwigia"
"Lunaria annua","Lunaria annua",0.45,114.865,226.565,7897.83333333333,18.933,"Lunaria"
"Luzula campestris","Luzula campestris",0.27,245.74,4.315,73,0.676883076923077,"Luzula"
"Luzula pilosa","Luzula pilosa",0.15,228,26.46637744,664,0.9704,"Luzula"
"Lycopus europaeus","Lycopus europaeus",0.566666666666667,103.92,29.4,1814.75,0.233163636363636,"Lycopus"
"Lysimachia nummularia","Lysimachia nummularia",0.45,227.65,10.07904268,284.333333333333,0.5,"Lysimachia"
"Lysimachia punctata","Lysimachia punctata",0.55,246,129.304382,2841,0.4445,"Lysimachia"
"Lysimachia vulgaris","Lysimachia vulgaris",0.896,242.623333333333,95.08408684,2539.25,0.3224,"Lysimachia"
"Lythrum hyssopifolia","Lythrum hyssopifolia",0.311666666666667,218.27,0.49,12.5,0.332078947368421,"Lythrum"
"Lythrum portula","Lythrum portula",0.103333333333333,277,1.289932886,31,0.0332,"Lythrum"
"Lythrum salicaria","Lythrum salicaria",0.708333333333333,179.845,51.07559052,1742.375,0.085928,"Lythrum"
"Malus sylvestris","Malus sylvestris",6,248.8,200.25424625,2910.14,23.634,"Malus"
"Malva alcea","Malva alcea",0.65,136.21,49.95,1375.5,3.9,"Malva"
"Malva sylvestris","Malva sylvestris",0.575,171.22,341.6,7727.5,2.96045714285714,"Malva"
"Matthiola incana","Matthiola incana",0.476666666666667,119.17,26.485,590,2.06,"Matthiola"
"Medicago arabica","Medicago arabica",0.308333333333333,189.07,19.0475,675.585,1.8786,"Medicago"
"Medicago lupulina","Medicago lupulina",0.25,196,17.27838062,509.333333333333,1.77992777775,"Medicago"
"Medicago polymorpha","Medicago polymorpha",0.3625,224.065,33.205,667.25,2.946,"Medicago"
"Melica ciliata","Melica ciliata",0.36,506.78,11.175,204.03,0.8515135135,"Melica"
"Melilotus officinalis","Melilotus officinalis",1.075,237.666666666667,46.8907955283333,607,2.95879473684211,"Melilotus"
"Melittis melissophyllum","Melittis melissophyllum",0.3,148.295,45.22,2586.75,5.39,"Melittis"
"Mentha aquatica","Mentha aquatica",0.383333333333333,179.62,40.615563575,1722.4375,0.128323809571429,"Mentha"
"Mentha longifolia","Mentha longifolia",0.725,194.905,61.885,1777,0.064,"Mentha"
"Mentha pulegium","Mentha pulegium",0.166666666666667,179.3,6.32,198.27,0.077032,"Mentha"
"Mentha suaveolens","Mentha suaveolens",0.575,181.94,56.8633333333333,1483.75,0.0465,"Mentha"
"Menyanthes trifoliata","Menyanthes trifoliata",0.176666666666667,193.726666666667,211.286,4425.16666666667,2.97472,"Menyanthes"
"Mercurialis annua","Mercurialis annua",0.25,165.385,17.075,759.855,2.32230909090909,"Mercurialis"
"Mercurialis perennis","Mercurialis perennis",0.216666666666667,224.5,83.870610815,1890.5,5.55142857142857,"Mercurialis"
"Mespilus germanica","Mespilus germanica",6.375,325.545,180.385,2747.5,60.83,"Mespilus"
"Misopates orontium","Misopates orontium",0.343333333333333,134.215,9.86,202.625,0.15686,"Misopates"
"Moehringia trinervia","Moehringia trinervia",0.175,179.333333333333,2.397892544,81.3333333333333,0.21,"Moehringia"
"Molinia caerulea","Molinia caerulea",0.7875,369.716666666667,56.85673155,1286.625,0.714553846153846,"Molinia"
"Muscari botryoides","Muscari botryoides",0.15,94.33,51.85,1533,3.37,"Muscari"
"Myagrum perfoliatum","Myagrum perfoliatum",0.24,114.64,41.77,1211.5,20.88,"Myagrum"
"Myosotis arvensis","Myosotis arvensis",0.23,123,28.22270336,759.5,0.2927,"Myosotis"
"Myosotis laxa","Myosotis laxa",0.21125,122.3725,6.86943783916667,326.9375,0.224,"Myosotis"
"Myosotis ramosissima","Myosotis ramosissima",0.101666666666667,146.666666666667,9.06432748533333,187,0.20185,"Myosotis"
"Myosotis scorpioides","Myosotis scorpioides",0.278333333333333,142.6375,17.645238216,1086.0625,0.3013,"Myosotis"
"Myosotis sylvatica","Myosotis sylvatica",0.216666666666667,146,19.72615528,613.333333333333,0.53825,"Myosotis"
"Myriophyllum spicatum","Myriophyllum spicatum",1,240.22,3.8,33.825,1.2705,"Myriophyllum"
"Narcissus pseudonarcissus","Narcissus pseudonarcissus",0.225,137.5,92.41273817,1773.5,5.81173333333333,"Narcissus"
"Nasturtium officinale","Nasturtium officinale",0.24,97.5,29.09564568,1435,0.1932,"Nasturtium"
"Nigella arvensis","Nigella arvensis",0.23,174.8,8.135,188.54,2,"Nigella"
"Nigella damascena","Nigella damascena",0.3875,179.6,80.92,2361,2.1095,"Nigella"
"Nymphaea alba","Nymphaea alba",0.03,181,2682.7,39342,1.90181818181818,"Nymphaea"
"Oenanthe aquatica","Oenanthe aquatica",0.6,136.45,209.953333333333,4890.25,2.7778,"Oenanthe"
"Oenanthe fistulosa","Oenanthe fistulosa",0.425,132.875,14.7166666666667,420.155,4.39111428571429,"Oenanthe"
"Oenanthe lachenalii","Oenanthe lachenalii",1,190.9,77.06,1180.92,1.50885714285714,"Oenanthe"
"Onobrychis viciifolia","Onobrychis viciifolia",0.275,244.2425,164.049656625,3134.4375,20.11705,"Onobrychis"
"Orchis militaris","Orchis militaris",0.2,111.96,292.82,6088,0.001,"Orchis"
"Origanum vulgare","Origanum vulgare",0.408333333333333,233,23.36623932,511,0.09555,"Origanum"
"Orlaya grandiflora","Orlaya grandiflora",0.2825,168.19,76.13,1618,12.833,"Orlaya"
"Oxalis acetosella","Oxalis acetosella",0.0925,129.785,7.689057145,806,0.961,"Oxalis"
"Oxalis corniculata","Oxalis corniculata",0.15,149.72,2.62,220.78,0.1884,"Oxalis"
"Papaver dubium","Papaver dubium",0.474,175.75,224.6422113475,4627,0.1185,"Papaver"
"Papaver rhoeas","Papaver rhoeas",0.3675,143,166.81395105,4986.5,0.109333333333333,"Papaver"
"Papaver somniferum","Papaver somniferum",0.7,177.78,272,10398,0.454666666666667,"Papaver"
"Parietaria judaica","Parietaria judaica",0.3125,185.5,24.25055129,857,0.200185714285714,"Parietaria"
"Parietaria officinalis","Parietaria officinalis",0.65,147.535,46.6875,2965,0.389,"Parietaria"
"Paris quadrifolia","Paris quadrifolia",0.2,176,37.85083333,1325,119.6368,"Paris"
"Parthenocissus inserta","Parthenocissus inserta",10,220.24,708.54,13662.25,20.42,"Parthenocissus"
"Pastinaca sativa","Pastinaca sativa",0.6,152,382.97528855,14914.5,3.90314285714286,"Pastinaca"
"Petasites albus","Petasites albus",0.425,121.063333333333,919.5,23322.5833333333,0.234,"Petasites"
"Petasites hybridus","Petasites hybridus",0.575,201.5,7596.7887335,139875,0.23038,"Petasites"
"Petrorhagia prolifera","Petrorhagia prolifera",0.3875,231.15,3.345,58.25,0.3506114286,"Petrorhagia"
"Phacelia tanacetifolia","Phacelia tanacetifolia",0.575,131.55,120.36,3123,1.199,"Phacelia"
"Phalaris arundinacea","Phalaris arundinacea",1.45,263,128.7016232,3366,0.652637037,"Phalaris"
"Phleum pratense","Phleum pratense",0.371,276.142857142857,9.90727713383333,380,0.58775,"Phleum"
"Phragmites australis","Phragmites australis",2.5,403.1,348.394385533333,6925.875,0.134285714285714,"Phragmites"
"Picris hieracioides","Picris hieracioides",0.6375,182.652,77.42508472,2327.55,1.108,"Picris"
"Pinus sylvestris","Pinus sylvestris",34.5,299.114285714286,10.81,65.9428571428572,7.572,"Pinus"
"Plantago coronopus","Plantago coronopus",0.03625,102.65,10.0528403756667,187.6875,0.1661875,"Plantago"
"Plantago lanceolata","Plantago lanceolata",0.16125,166.90125,82.787456325,2567,1.61675087721053,"Plantago"
"Plantago major","Plantago major",0.37,107,1016.91327,30968,0.267838095285714,"Plantago"
"Plantago media","Plantago media",0.171666666666667,145.333333333333,297.734964233333,4827.66666666667,0.385075,"Plantago"
"Poa annua","Poa annua",0.085,241.25,3.2107676125,138.333333333333,0.223701578947368,"Poa"
"Poa bulbosa","Poa bulbosa",0.11,215.06,0.8,16.08,0.404312,"Poa"
"Poa compressa","Poa compressa",0.375,282.333333333333,7.362884197,170,0.204577777777778,"Poa"
"Poa nemoralis","Poa nemoralis",0.5,319,8.8386436935,536.5,0.181745454545455,"Poa"
"Poa palustris","Poa palustris",0.8175,334.45,1.3,55,0.15525,"Poa"
"Poa pratensis","Poa pratensis",0.3,308.59,35.79994805,1025,0.272595238142857,"Poa"
"Polygala vulgaris","Polygala vulgaris",0.0533333333333333,221.103333333333,2.44147959175,53.5425,1.74691428571429,"Polygala"
"Polygonatum multiflorum","Polygonatum multiflorum",0.445,148.21,48.355,2038.25,94.4226857142857,"Polygonatum"
"Polygonatum odoratum","Polygonatum odoratum",0.3,167.22,86.835,2270,264.304333333333,"Polygonatum"
"Polygonatum verticillatum","Polygonatum verticillatum",0.42,147.63,24.28,1003,66.47416665,"Polygonatum"
"Polygonum aviculare","Polygonum aviculare",1.1375,207.5,13.0084166415,361.5,1.82,"Polygonum"
"Populus nigra","Populus nigra",25,304.965,240.4625,2784.625,0.8,"Populus"
"Populus tremula","Populus tremula",19.5,369.835,165.02125,2513.3125,0.1,"Populus"
"Portulaca oleracea","Portulaca oleracea",0.166666666666667,108.92,1.395,25.725,0.33592,"Portulaca"
"Potentilla erecta","Potentilla erecta",0.166666666666667,303.956666666667,5.734158679,148.5,0.4821375,"Potentilla"
"Potentilla reptans","Potentilla reptans",0.358333333333333,240.6475,53.724764885,2176.5,0.271025,"Potentilla"
"Primula veris","Primula veris",0.133333333333333,214.666666666667,245.141161463333,4080.66666666667,0.803173333333333,"Primula"
"Primula vulgaris","Primula vulgaris",0.115,154,224.4014594,6409,1.13632,"Primula"
"Prunella vulgaris","Prunella vulgaris",0.123333333333333,164.37,16.108351258,675.333333333333,0.688757142857143,"Prunella"
"Prunus mahaleb","Prunus mahaleb",5,288.81,34.215,753.4,87.7,"Prunus"
"Pulicaria dysenterica","Pulicaria dysenterica",0.45,142.5,39.326361505,1199.5,0.0895,"Pulicaria"
"Radiola linoides","Radiola linoides",0.03875,232.595,0.133333333333333,3.22,0.01185,"Radiola"
"Ranunculus acris","Ranunculus acris",0.2575,197.05,36.8880126526316,620.705161290323,1.72743,"Ranunculus"
"Ranunculus arvensis","Ranunculus arvensis",0.308333333333333,139,21.02608696,576,12.6125666666667,"Ranunculus"
"Ranunculus bulbosus","Ranunculus bulbosus",0.175,188.333333333333,55.8249725833333,1081.33333333333,2.86775396828571,"Ranunculus"
"Ranunculus flammula","Ranunculus flammula",0.215,173.91,33.40150528,656.583333333333,0.4472,"Ranunculus"
"Ranunculus lanuginosus","Ranunculus lanuginosus",0.425,153.62,236.14,5917.375,1.3,"Ranunculus"
"Ranunculus lingua","Ranunculus lingua",0.8175,196.3,173.53,2416.75,1.70236666666667,"Ranunculus"
"Ranunculus repens","Ranunculus repens",0.241666666666667,181.104,193.94,3593.55555555556,2.24169696972727,"Ranunculus"
"Ranunculus sardous","Ranunculus sardous",0.166666666666667,125.11,21.235,734.5,1.38412,"Ranunculus"
"Ranunculus sceleratus","Ranunculus sceleratus",0.258333333333333,123.04,39.0731315533333,1115.375,0.130333333333333,"Ranunculus"
"Raphanus raphanistrum","Raphanus raphanistrum",0.32,120,286.623364713333,6127.33333333333,26.23965,"Raphanus"
"Rapistrum rugosum","Rapistrum rugosum",0.5125,177,28.3,651,3.13,"Rapistrum"
"Reseda alba","Reseda alba",0.45,127.505,56.8495701333333,1692.625,0.562,"Reseda"
"Reseda lutea","Reseda lutea",0.366666666666667,155.333333333333,59.3915360233333,1090,0.677133333333333,"Reseda"
"Reseda luteola","Reseda luteola",0.6925,166.4425,58.982271808,1097.125,0.292012121181818,"Reseda"
"Rhynchospora alba","Rhynchospora alba",0.25,334.91,16.09,288,0.44684,"Rhynchospora"
"Rorippa amphibia","Rorippa amphibia",0.625,110,320.3,12853,1.873,"Rorippa"
"Rorippa sylvestris","Rorippa sylvestris",0.283333333333333,106.5,39.464452345,1154.33333333333,0.0939222222222222,"Rorippa"
"Rosa agrestis","Rosa agrestis",1.33333333333333,376.105,32.785,337.65,18.7504,"Rosa"
"Rubia peregrina","Rubia peregrina",0.381333333333333,226.946666666667,26.85598549,303,19.9590666666667,"Rubia"
"Rubus caesius","Rubus caesius",0.475,386.666666666667,553.580980866667,9655.33333333333,3.7628451,"Rubus"
"Rumex acetosa","Rumex acetosa",0.505,102.11,128.532104972,2014.9275,0.944641666666667,"Rumex"
"Rumex acetosella","Rumex acetosella",0.15,113.932,9.713070759,204.666666666667,0.36007,"Rumex"
"Rumex conglomeratus","Rumex conglomeratus",0.725,179,190.2946116,4190,0.899563157894737,"Rumex"
"Rumex crispus","Rumex crispus",0.641666666666667,105,239.6959134,6290,2.32424285714286,"Rumex"
"Rumex maritimus","Rumex maritimus",0.625,135.845,215.54662385,5718,0.2308625,"Rumex"
"Rumex obtusifolius","Rumex obtusifolius",0.508333333333333,145.763333333333,1449.891121,43260.25,1.155,"Rumex"
"Rumex sanguineus","Rumex sanguineus",0.7875,202,188.9898072,4734,1.06821,"Rumex"
"Sagina apetala","Sagina apetala",0.04,238.666666666667,0.321621621666667,4.66666666666667,0.0125278571428571,"Sagina"
"Sagina procumbens","Sagina procumbens",0.13,217,0.425,8,0.0157037036666667,"Sagina"
"Sagittaria sagittifolia","Sagittaria sagittifolia",0.42,106.134,354.65,6404.9,1.55783333333333,"Sagittaria"
"Salix alba","Salix alba",15.1666666666667,298.615,63.3575,782.125,0.12,"Salix"
"Salix cinerea","Salix cinerea",2.75,438.765,152.705,662.875,0.067,"Salix"
"Salsola kali","Salsola kali",0.5125,86.74,6.835,62.5,5.8276,"Salsola"
"Salvia glutinosa","Salvia glutinosa",0.475,102.89,213.42,11482.75,4.682,"Salvia"
"Salvia officinalis","Salvia officinalis",0.375,239.133333333333,53.898,916.833333333333,6.58,"Salvia"
"Sambucus ebulus","Sambucus ebulus",0.85,173.85,978.51908015,18801.25,63.6874,"Sambucus"
"Samolus valerandi","Samolus valerandi",0.195,169.81,9.2025,191.75,0.0257714285714286,"Samolus"
"Sanicula europaea","Sanicula europaea",0.275,198,70.91322567,2414,2.87321071428571,"Sanicula"
"Saponaria officinalis","Saponaria officinalis",0.458333333333333,199.5,108.266890165,2165.5,1.51482807015789,"Saponaria"
"Saxifraga tridactylites","Saxifraga tridactylites",0.0483333333333333,117.88,2.12245614033333,38,0.01372,"Saxifraga"
"Scabiosa columbaria","Scabiosa columbaria",0.283333333333333,171.333333333333,244.462171073333,5293.33333333333,1.95181818181818,"Scabiosa"
"Scandix pecten-veneris","Scandix pecten-veneris",0.233333333333333,128.12,31.27,835.77,12.90062,"Scandix"
"Schoenus nigricans","Schoenus nigricans",0.3,383.546666666667,134.3575,749.166666666667,0.6411125,"Schoenus"
"Scilla bifolia","Scilla bifolia",0.15,78.61,53.45,2376.75,9.55,"Scilla"
"Scleranthus annuus","Scleranthus annuus",0.09,135.515,0.633333333333333,9.935,1.38269473684211,"Scleranthus"
"Scrophularia auriculata","Scrophularia auriculata",0.366666666666667,137,743.865842466667,15875.6666666667,0.09892,"Scrophularia"
"Scrophularia canina","Scrophularia canina",0.3,165.21,21.045,347.26,0.233333333333333,"Scrophularia"
"Scrophularia nodosa","Scrophularia nodosa",0.583333333333333,182,313.5979769,8166,0.0952,"Scrophularia"
"Scutellaria galericulata","Scutellaria galericulata",0.241666666666667,211.043333333333,16.106093345,640.416666666667,0.689433333285714,"Scutellaria"
"Sedum album","Sedum album",0.095,49.96,1.63,23.5,0.02,"Sedum"
"Sedum cepaea","Sedum cepaea",0.13,53.08,1.37,30.33,0.037,"Sedum"
"Sedum dasyphyllum","Sedum dasyphyllum",0.045,25.24,0.82,19.33,0.026,"Sedum"
"Sedum sexangulare","Sedum sexangulare",0.1575,108.18,0.5,6.19,0.01,"Sedum"
"Senecio inaequidens","Senecio inaequidens",0.6,184.28,11.66,281.375,0.278533333333333,"Senecio"
"Senecio sylvaticus","Senecio sylvaticus",0.375,114,180.9838344,5336,0.241066666666667,"Senecio"
"Senecio vulgaris","Senecio vulgaris",0.2,84,17.58510305,513,0.269,"Senecio"
"Serratula tinctoria","Serratula tinctoria",0.5,190.693333333333,165.05529038,4699.35,2.72874,"Serratula"
"Setaria italica","Setaria italica",0.785,206.32,235.805,5638.5,2.967,"Setaria"
"Setaria pumila","Setaria pumila",0.46,216.37,75.09,1890.75,1.76825,"Setaria"
"Setaria viridis","Setaria viridis",0.5125,274.61,40.7433333333333,1000.75,1.09228571428571,"Setaria"
"Sherardia arvensis","Sherardia arvensis",0.133333333333333,188.5,0.545879121,12.5,1.79741181818182,"Sherardia"
"Silene dioica","Silene dioica",0.5632,112,73.28121435,3533,0.7729775,"Silene"
"Silene gallica","Silene gallica",0.265,131.18,11.83,449,0.32874125,"Silene"
"Silene latifolia","Silene latifolia",0.475,142.5,78.064886605,1762.5,0.964555555555556,"Silene"
"Silene otites","Silene otites",0.291666666666667,227.305,21.195,170,0.210666666666667,"Silene"
"Silene vulgaris","Silene vulgaris",0.27,166,63.76327682,1179.5,0.939154074066667,"Silene"
"Sinapis alba","Sinapis alba",0.385,141.095,84.21,2316,3.85288,"Sinapis"
"Sinapis arvensis","Sinapis arvensis",0.383333333333333,109.666666666667,326.701141876667,9290.66666666667,2.34714761904762,"Sinapis"
"Sisymbrium officinale","Sisymbrium officinale",0.416666666666667,139,230.985814786667,6344.33333333333,0.270333333333333,"Sisymbrium"
"Smyrnium olusatrum","Smyrnium olusatrum",0.75,155,172.7079101,6838,27.7377,"Smyrnium"
"Solanum dulcamara","Solanum dulcamara",0.866666666666667,170.561666666667,82.3569254,1903.25833333333,29.892110294125,"Solanum"
"Solidago virgaurea","Solidago virgaurea",0.5,227,94.48678888,2302.5,0.6059,"Solidago"
"Sonchus arvensis","Sonchus arvensis",0.875,138.666666666667,549.532790933333,12192,0.79525,"Sonchus"
"Sonchus asper","Sonchus asper",0.475,123.666666666667,216.369764033333,5417.33333333333,0.280333333363636,"Sonchus"
"Sonchus oleraceus","Sonchus oleraceus",1.075,118.5,341.1361911,10611.5,0.325,"Sonchus"
"Sparganium erectum","Sparganium erectum",0.375,147.033333333333,918.5615297,13862,18.3422,"Sparganium"
"Spergula arvensis","Spergula arvensis",0.2,145,1.6935855265,11.5,0.346436363636364,"Spergula"
"Spergularia media","Spergularia media",0.175,108.655,0.795,20.875,0.1,"Spergularia"
"Spergularia rubra","Spergularia rubra",0.106666666666667,135,0.82173913,14,0.0324090909090909,"Spergularia"
"Stachys arvensis","Stachys arvensis",0.15,171,7.3076419215,217.5,0.7227,"Stachys"
"Stachys recta","Stachys recta",0.325,210.805,25.265,740.5,1.708,"Stachys"
"Stellaria media","Stellaria media",0.166666666666667,84,8.7462351015,488,0.3852,"Stellaria"
"Stellaria neglecta","Stellaria neglecta",0.433333333333333,84,5.9302861625,416,0.847466666666667,"Stellaria"
"Suaeda maritima","Suaeda maritima",0.16,84.2525,2.574,32.25,0.798933333333333,"Suaeda"
"Symphytum officinale","Symphytum officinale",0.566666666666667,81.73,342.17,8816.25,8.3244,"Symphytum"
"Symphytum tuberosum","Symphytum tuberosum",0.258333333333333,115.37,84.29,2990.66666666667,6.2392857,"Symphytum"
"Syringa vulgaris","Syringa vulgaris",6,327.285,275.31,2339.16666666667,5.38454545454545,"Syringa"
"Tanacetum corymbosum","Tanacetum corymbosum",0.675,200.425,61.1875,1093.88,0.51,"Tanacetum"
"Tanacetum parthenium","Tanacetum parthenium",0.29,172,125.5838601,4563,0.109028571428571,"Tanacetum"
"Tanacetum vulgare","Tanacetum vulgare",0.825,221,427.99081735,8376,0.293024,"Tanacetum"
"Teucrium chamaedrys","Teucrium chamaedrys",0.14,305.71,7.59,134,1.22,"Teucrium"
"Teucrium montanum","Teucrium montanum",0.2,264.12,2.455,45,0.776,"Teucrium"
"Teucrium scordium","Teucrium scordium",0.25,162.91,5.555,202,0.52502,"Teucrium"
"Teucrium scorodonia","Teucrium scorodonia",0.25,378.5,87.47340247,939,0.875138461538462,"Teucrium"
"Thalictrum aquilegiifolium","Thalictrum aquilegiifolium",0.675,205.36,1340,44940,2,"Thalictrum"
"Thalictrum flavum","Thalictrum flavum",0.6,246,1133.827826,32542.5,1.40413,"Thalictrum"
"Tilia platyphyllos","Tilia platyphyllos",30,206.195,160.91,6034.25,146.54,"Tilia"
"Tordylium maximum","Tordylium maximum",0.7175,222.255,299.28,8778.25,2.8844,"Tordylium"
"Torilis arvensis","Torilis arvensis",0.55,196.49,38.025,984.5,2.298,"Torilis"
"Torilis japonica","Torilis japonica",0.441666666666667,280.666666666667,138.95686189,3936.66666666667,1.77816666666667,"Torilis"
"Torilis nodosa","Torilis nodosa",0.3625,331.7,4.705,65.5,1.4888,"Torilis"
"Tragopogon dubius","Tragopogon dubius",0.425,198.33,12,321.5,8.244,"Tragopogon"
"Tragopogon porrifolius","Tragopogon porrifolius",0.57,155.17,46.39,1398.57,13.9911333333333,"Tragopogon"
"Tragopogon pratensis","Tragopogon pratensis",0.35,188.5,82.326555245,1507.5,10.3430375,"Tragopogon"
"Trifolium arvense","Trifolium arvense",0.146666666666667,296.07,11.9355379575,233,0.328710833333333,"Trifolium"
"Trifolium campestre","Trifolium campestre",0.2875,250.25,6.03144394166667,180.666666666667,0.331452142857143,"Trifolium"
"Trifolium dubium","Trifolium dubium",0.225,199.5,4.165833614,135.5,0.467240217391304,"Trifolium"
"Trifolium fragiferum","Trifolium fragiferum",0.1875,223.073333333333,7.165360825,192,2.11377,"Trifolium"
"Trifolium hybridum","Trifolium hybridum",0.35,239.91,68.0123642057143,1675.95,1.01908333325,"Trifolium"
"Trifolium incarnatum","Trifolium incarnatum",0.358333333333333,186.63,67.3725,1841.625,2.8131,"Trifolium"
"Trifolium medium","Trifolium medium",0.4,263,65.74024296,1437,2.1266,"Trifolium"
"Trifolium micranthum","Trifolium micranthum",0.0516666666666667,199.51,0.8,23,0.3264,"Trifolium"
"Trifolium pratense","Trifolium pratense",0.283333333333333,223.3975,32.58394007,715.5,1.58055555555556,"Trifolium"
"Trifolium repens","Trifolium repens",0.35,185.6875,11.75808095,682,0.5900266666,"Trifolium"
"Trifolium resupinatum","Trifolium resupinatum",0.14,168.665,7.76,277.62,0.681666666666667,"Trifolium"
"Trifolium rubens","Trifolium rubens",0.425,274.065,57.665,929.42,2.04,"Trifolium"
"Trinia glauca","Trinia glauca",0.123333333333333,223.26,46.815,564.955,1.84010909090909,"Trinia"
"Triticum aestivum","Triticum aestivum",1.1125,234.48,134.4,2845.5,43.3333333333333,"Triticum"
"Trollius europaeus","Trollius europaeus",0.275,193,290.079134466667,5348.33333333333,0.891823076923077,"Trollius"
"Tussilago farfara","Tussilago farfara",0.185,139,2873.9272005,48997.5,0.225233333333333,"Tussilago"
"Typha angustifolia","Typha angustifolia",1.5,265.815,1539.6,9562,0.10285,"Typha"
"Typha latifolia","Typha latifolia",1.5,198.816666666667,1569.79115446667,17522,0.0581076923076923,"Typha"
"Ulex europaeus","Ulex europaeus",0.933333333333333,301.9925,3.645,14.5,6.12,"Ulex"
"Ulmus glabra","Ulmus glabra",33.3333333333333,254.07,114.6725,3395.23333333333,11.48855,"Ulmus"
"Ulmus laevis","Ulmus laevis",35,218.695,98.445,4532.25,8,"Ulmus"
"Ulmus minor","Ulmus minor",30.25,246.405,64.7225,1734.255,9,"Ulmus"
"Umbilicus rupestris","Umbilicus rupestris",0.175,48,60.2,1744,0.0071,"Umbilicus"
"Urtica dioica","Urtica dioica",0.875,212.5,101.221290945,3841.5,0.179769230769231,"Urtica"
"Urtica urens","Urtica urens",0.266666666666667,214,21.70206379,456,0.5132,"Urtica"
"Vaccinium myrtillus","Vaccinium myrtillus",0.3135,331.833333333333,4.04454545454545,72.3027586206897,40.8073555555556,"Vaccinium"
"Valeriana officinalis","Valeriana officinalis",0.525,140,408.03994595,12333,0.942,"Valeriana"
"Valerianella carinata","Valerianella carinata",0.176666666666667,106.333333333333,5.533503827,185.666666666667,0.542,"Valerianella"
"Valerianella locusta","Valerianella locusta",0.135,103,4.788672566,152,0.738755555555556,"Valerianella"
"Verbascum densiflorum","Verbascum densiflorum",1.1025,190.3675,827.66,15287.2925,0.099,"Verbascum"
"Verbascum nigrum","Verbascum nigrum",0.691666666666667,164,1532.4,28632,0.11548,"Verbascum"
"Verbascum pulverulentum","Verbascum pulverulentum",0.725,174,1845.1,37095,0.16596,"Verbascum"
"Verbascum thapsus","Verbascum thapsus",0.783333333333333,213.666666666667,1595.28015066667,21628.3333333333,0.103033333333333,"Verbascum"
"Verbena officinalis","Verbena officinalis",0.36375,236.95,26.92,377.25,0.389,"Verbena"
"Veronica anagallis-aquatica","Veronica anagallis-aquatica",0.308333333333333,107.333333333333,65.39724673,2285,0.0420666666666667,"Veronica"
"Veronica arvensis","Veronica arvensis",0.113333333333333,134.5375,4.1472318365,151.666666666667,0.118771428571429,"Veronica"
"Veronica beccabunga","Veronica beccabunga",0.333333333333333,136.666666666667,34.47380872,798.666666666667,0.425233333333333,"Veronica"
"Veronica catenata","Veronica catenata",0.28125,123.63,9.071927621,361.75,0.0321888888888889,"Veronica"
"Veronica chamaedrys","Veronica chamaedrys",0.25,270.46,15.8084799233333,355.5,0.206428571428571,"Veronica"
"Veronica hederifolia","Veronica hederifolia",0.19,91.8875,10.29783229,261.75,4.1612,"Veronica"
"Veronica montana","Veronica montana",0.258333333333333,272,19.99226158,458,0.4069628571,"Veronica"
"Veronica officinalis","Veronica officinalis",0.12575,280,10.4751908395,54,0.122816666666667,"Veronica"
"Veronica peregrina","Veronica peregrina",0.108333333333333,131.006666666667,1.60666666666667,45.3633333333333,0.0316,"Veronica"
"Veronica persica","Veronica persica",0.2,120.333333333333,13.705448128,495.333333333333,0.565,"Veronica"
"Veronica polita","Veronica polita",0.325,144.666666666667,3.45969468266667,108.333333333333,0.314133333333333,"Veronica"
"Veronica scutellata","Veronica scutellata",0.166666666666667,215.875,2.965,74.625,0.473757142857143,"Veronica"
"Veronica serpyllifolia","Veronica serpyllifolia",0.141666666666667,175,8.018957346,188,0.0493466666666667,"Veronica"
"Viburnum lantana","Viburnum lantana",3.5,234.895,211.68,3869.5,34.95424,"Viburnum"
"Vicia cracca","Vicia cracca",0.883333333333333,223.055,29.260000955,971.5,16.0832363636364,"Vicia"
"Vicia ervilia","Vicia ervilia",0.41,180.11,16.79,315.16,43.5186666666667,"Vicia"
"Vicia faba","Vicia faba",0.75,114.95,326.85,9222,1390,"Vicia"
"Vicia hirsuta","Vicia hirsuta",0.275,240.333333333333,10.51095912,305.333333333333,5.99044,"Vicia"
"Vicia sativa","Vicia sativa",0.55,217.5,56.185459305,1286,31.0473333333333,"Vicia"
"Vicia sepium","Vicia sepium",0.466666666666667,186,24.55676856,1242,22.7702,"Vicia"
"Vinca minor","Vinca minor",0.5875,195,21.85865895,565,6.13,"Vinca"
"Vincetoxicum hirundinaria","Vincetoxicum hirundinaria",0.75,159.415,28.2075,1513.5,7.42333333333333,"Vincetoxicum"
"Viola arvensis","Viola arvensis",0.191666666666667,167.5,23.09604869,546.5,0.468,"Viola"
"Viola canina","Viola canina",0.1,245,12.71737374,238,1.08548,"Viola"
"Viola hirta","Viola hirta",0.075,236.5,169.82454575,3436,3.09404,"Viola"
"Viola odorata","Viola odorata",0.2375,220,86.57567665,1975.5,2.25653333333333,"Viola"
"Viola reichenbachiana","Viola reichenbachiana",0.12,225.695,17.52,488,2.0248,"Viola"
"Viola riviniana","Viola riviniana",0.135,296,28.96341463,532,1.20026666666667,"Viola"
"Viola tricolor","Viola tricolor",0.25,168.533333333333,14.70291069,440.5,0.793276923076923,"Viola"
"Vitis vinifera","Vitis vinifera",10,159.8,414.2375,14390.125,18,"Vitis"
"Zea mays","Zea mays",2,195.22,1366.6,32702.75,104.72,"Zea"
